,Recipes,Wellnames,Experiment_result,Silver,KBr,Experiment Result
0,,,,0.033515625,0.0021312500000000003,300.0
1,,,,0.033515625,0.0021312500000000003,300.0
2,,,,0.033515625,0.0021312500000000003,300.0
3,,,,0.079921875,0.0008937500000000001,300.0
4,,,,0.079921875,0.0008937500000000001,532.0
5,,,,0.079921875,0.0008937500000000001,520.0
6,,,,0.9090909090909092,0.19191919191919193,689.0
7,,,,0.9090909090909092,0.19191919191919193,706.0
8,,,,0.9090909090909092,0.19191919191919193,710.0
