,Model,Mean-Squared Error,Mean-Absolute Error,Root Mean-Squared Error
0,Multiple Regression,59119.44922830284,203.21254202142833,243.14491404983744
1,Polynomial Regression,40600.61011734339,166.82741537945756,201.49593077117808
2,SVM Regression (RBF Kernel),105105.57505724425,210.8056985853329,324.1998998415087
3,Random-Forest Regression (300 estimators),54379.48471221514,194.0616858414943,233.1940923613099
